dpdp_id_1,dpdp_id_2,University,AcademicUnit,NameRaw,AcademicRank,HD,HDSchool,HDYear,NoPPubGrad,FirstPPubYearRel,TotalPPub,TotalYearPhD,TotalPPubYearEnd,YearAvgPPubStartGrad,YearAvgPPubEndPhD,TotalWorkingPaper,TotalWorkInProgress,TotalOtherPub,TotalBook,Notes,Rank_HDSchool_2005,Rank_HDSchool_Cand_2005,Rank_HDSchool_Score_2005,Rank_HDSchool_Country_2005,Rank_HDSchool_2024,Rank_HDSchool_Cand_2024,Rank_HDSchool_Score_2024,Rank_HDSchool_Country_2024
1,1,McGill,Economics,Nicolas Ajzenman,Assistant Professor,PhD,Sciences Po,2018.0,1.0,-3.0,7.0,,2022.0,,,,,,,,,,,,43.0,Sciences Po,100.0,France
2,2,McGill,Economics,Francisco Alvarez-Cuadrado,Associate Professor,PhD,University of Washington,2004.0,1.0,0.0,10.0,2.0,2011.0,,,,,,,,82.0,University of Washington,100.0,United States,157.0,University of Washington,100.0,United States
3,3,McGill,Economics,Francesco Amodio,Associate Professor,PhD,Universitat Pompeu Fabra,2015.0,0.0,3.0,10.0,2.0,2024.0,,,,,,,,47.0,Universitat Pompeu Fabra,100.0,Spain,77.0,"Universitat Pompeu Fabra, Barcelona School of Economics (BSE)",90.0,Spain
4,4,McGill,Economics,Daniel Barczyk,Associate Professor,PhD,New York University,2011.0,0.0,3.0,6.0,,2020.0,,,,,,,,4.0,New York University,100.0,United States,18.0,New York University (NYU),95.0,United States
5,5,McGill,Economics,Leonie Baumann,Assistant Professor,PhD, University of Hamburg,2017.0,5.0,-8.0,7.0,5.0,2019.0,,,,,,,,,,,,,,,
6,6,McGill,Economics,Hassan Benchekroun,Professor,PhD,Université Laval,1998.0,1.0,0.0,48.0,2.0,2021.0,,,,,,,,,,,,,,,
7,7,McGill,Economics,Robert D. Cairns,Professor,PhD,Massachusetts Institute of Technology,1978.0,0.0,23.0,49.0,,,,,,,,,,8.0,Massachusetts Institute of Technology,100.0,United States,4.0,Massachusetts Institute of Technology (MIT),95.0,United States
8,8,McGill,Economics,Santiago Camara,Assistant Professor,PhD,Northwestern University,2023.0,2.0,-3.0,2.0,,2023.0,,,,,,,,22.0,Northwestern University,100.0,United States,39.0,Northwestern University,100.0,United States
9,9,McGill,Economics,Rui Castro,Professor,PhD,University of Rochester,2000.0,0.0,3.0,13.0,,2017.0,,,,,,,,79.0,University of Rochester,100.0,United States,248.0,University of Rochester,100.0,United States
10,10,McGill,Economics,Saraswata Chaudhuri,Associate Professor,PhD,University of Washington,2008.0,0.0,1.0,10.0,5.0,,,,,,,,,82.0,University of Washington,100.0,United States,157.0,University of Washington,100.0,United States
11,11,McGill,Economics,Matthieu Chemin,Associate Professor,PhD,London School of Economics,2007.0,0.0,1.0,21.0,6.0,,,,,,,,,14.0,"London School of Economics and Political Science LSE, University of London",90.0,United Kingdom,3.0,London School of Economics (LSE),95.0,United Kingdom
12,12,McGill,Economics,Russell Davidson,Professor & Canada Research Chair Tier 1,PhD,University of Glasgow,1966.0,0.0,2.0,97.0,,2016.0,,,,,,,,,,,,162.0,University of Glasgow,100.0,United Kingdom
13,13,McGill,Economics,Paul Dickinson,Faculty Lecturer,,,,,,,,,,,,,,,,,,,,,,,
14,14,McGill,Economics,Jean-Marie Dufour,Professor & William Dow Chair of Political Economy,PhD,University of Chicago,1979.0,,,,,2021.0,,,,,,,,13.0,University of Chicago,100.0,United States,6.0,University of Chicago,100.0,United States
15,15,McGill,Economics,Rohan Dutta,Associate Professor,PhD,Washington University,2012.0,1.0,0.0,11.0,5.0,,,,,,,,,65.0,Washington University,100.0,United States,156.0,George Washington University,95.0,United States
16,16,McGill,Economics,Mayssun El-Attar,Faculty Lecturer,PhD,European University Institute ,,,,,,,,,,,,,,,,,,242.0,European University Institute,100.0,Unknown
17,17,McGill,Economics,Jim Engle-Warnick,Associate Professor,PhD,University of Pittsburgh,,,,,,,,,,,,,,,,,,166.0,University of Pittsburgh,100.0,United States
18,18,McGill,Economics,Larry Epstein,Professor,PhD,University of British Columbia,1977.0,2.0,-3.0,79.0,,2021.0,,,,,,,,67.0,University of British Columbia,100.0,Canada,49.0,University of British Columbia,100.0,Canada
19,19,McGill,Economics,John W Galbraith,Professor,PhD, University of Oxford,1987.0,1.0,0.0,50.0,2.0,2022.0,,,,,,,,63.0,Oxford University,95.0,United Kingdom,22.0,Oxford University,95.0,United Kingdom
20,20,McGill,Economics,Nicolas Gendron-Carrier,Assistant Professor,PhD,University of Toronto,,,,,,,,,,,,,,52.0,University of Toronto,100.0,Canada,58.0,University of Toronto,100.0,Canada
21,21,McGill,Economics,Silvia Goncalves,Professor,PhD,University of California,2000.0,0.0,2.0,34.0,,2024.0,,,,,,,,10.0,University of California,100.0,United States,8.0,University of California-Berkeley,95.0,United States
22,22,McGill,Economics,Franque Grimard,Associate Professor,PhD,Princeton University,1995.0,0.0,1.0,21.0,,,,,,,,,,3.0,Princeton University,100.0,United States,10.0,Princeton University,100.0,United States
23,23,McGill,Economics,Fabian Lange,Professor & Canada Research Chair Tier 2,PhD,University of Chicago,2004.0,1.0,-1.0,17.0,,2019.0,,,,,,,,13.0,University of Chicago,100.0,United States,6.0,University of Chicago,100.0,United States
24,24,McGill,Economics,Sonia Laszlo,Associate Professor,PhD,University of Toronto,,,,19.0,,,,,,,,,,52.0,University of Toronto,100.0,Canada,58.0,University of Toronto,100.0,Canada
25,25,McGill,Economics,Markus Poschke,Professor & William Dawson Scholar,PhD,European University Institute (EUI) Florence,2007.0,0.0,2.0,11.0,4.0,2016.0,,,,,,,,,,,,242.0,European University Institute,90.0,Unknown
26,26,McGill,Economics,Francisco Ruge-Murcia,Professor & Chair,PhD,University of Virginia,1993.0,0.0,2.0,42.0,2.0,,,,,,,,,,,,,103.0,University of Virginia,100.0,United States
27,27,McGill,Economics,Fernando Saltiel,Assistant Professor,PhD,University of Maryland,2019.0,2.0,-4.0,8.0,,,,,,,,,,55.0,University of Maryland,100.0,United States,72.0,University of Maryland,100.0,United States
28,28,McGill,Economics,Erin Strumpf,Professor & William Dawson Scholar,PhD,Harvard University,2007.0,,,,5.0,,,,,,,,,7.0,Harvard University,100.0,United States,2.0,Harvard University,100.0,United States
29,29,McGill,Economics,Licun Xue,Associate Professor,PhD,McGill University,1996.0,0.0,1.0,23.0,,,,,,,,,,,,,,160.0,McGill University,100.0,Canada
30,30,McGill,Economics,Ling Ling Zhang,Faculty Lecturer,PhD,McGill University,2008.0,1.0,0.0,7.0,6.0,,,,,,,,,,,,,160.0,McGill University,100.0,Canada
31,31,McGill,Economics,Victoria Zinde-Walsh,Emeritus Full Professor (Post-Retirement),PhD,Moscow State University,1982.0,8.0,-12.0,43.0,,,,,,,,,,,,,,,,,
33,33,Simon Fraser University,Economics,Victor Aguiar,Associate Professor,PhD,Brown University,2017.0,1.0,0.0,10.0,5.0,2022.0,,,,,,,,33.0,Brown University,100.0,United States,27.0,Brown University,100.0,United States
34,34,Simon Fraser University,Economics,Douglas Allen,Professor,PhD,University of Washington,1988.0,1.0,-3.0,68.0,4.0,2024.0,,,2.0,2.0,16.0,7.0,"The Institutional Revolution: Measurement & The Economic Emergence of the Modern World (Chicago: The University of Chicago Press, 2012)",82.0,University of Washington,100.0,United States,157.0,University of Washington,100.0,United States
35,35,Simon Fraser University,Economics,Bertille Antoine,"Professor, Graduate Chair",PhD,Université de Montréal,2007.0,1.0,0.0,16.0,2.0,2023.0,,,6.0,,,,lots of conference?,,,,,347.0,Universite de Montreal,95.0,Canada
36,36,Simon Fraser University,Economics,Fernando Aragon Sanchez,"Professor, Undergraduate Chair",PhD,London School of Economics,2010.0,0.0,3.0,18.0,4.0,2023.0,,,6.0,4.0,4.0,,,14.0,"London School of Economics and Political Science LSE, University of London",90.0,United Kingdom,3.0,London School of Economics (LSE),95.0,United Kingdom
37,37,Simon Fraser University,Economics,Chris Bidner,Associate Professor,PhD,University of British Columbia,2009.0,0.0,1.0,8.0,6.0,2022.0,,,5.0,8.0,,,,67.0,University of British Columbia,100.0,Canada,49.0,University of British Columbia,100.0,Canada
38,38,Simon Fraser University,Economics,Serena Canaan,Assistant Professor,PhD,"University of California, Santa Barbara",2016.0,0.0,2.0,8.0,4.0,2023.0,,,3.0,2.0,,,,10.0,University of California,90.0,United States,111.0,University of California-Santa Barbara (UCSB),95.0,United States
39,39,Simon Fraser University,Economics,David Cox,University Lecturer,PhD,Queen's University,,,,,,,,,,,,,,,,,,98.0,Queen's University,100.0,Canada
40,40,Simon Fraser University,Economics,Eliav Danziger,Assistant Professor,PhD,Princeton University,2014.0,0.0,1.0,2.0,5.0,2024.0,,,4.0,,,,,3.0,Princeton University,100.0,United States,10.0,Princeton University,100.0,United States
41,41,Simon Fraser University,Economics,Minjie Deng,Assistant Professor,PhD,University of Rochester,2020.0,1.0,0.0,3.0,5.0,2024.0,,,5.0,4.0,,,lots of conferences?,79.0,University of Rochester,100.0,United States,248.0,University of Rochester,100.0,United States
42,42,Simon Fraser University,Economics,Sepideh Fotovatian,Lecturer,PhD,Monash University,,,,,,,,,,,,,,,,,,26.0,Monash University,100.0,Unknown
43,43,Simon Fraser University,Economics,David Freeman,Associate Professor,PhD,University of British Columbia,2013.0,0.0,2.0,13.0,5.0,2024.0,,,1.0,,,,top paper = lots of presentation,67.0,University of British Columbia,100.0,Canada,49.0,University of British Columbia,100.0,Canada
44,44,Simon Fraser University,Economics,Jane Friesen,Professor,PhD,University of Toronto,1991.0,1.0,0.0,20.0,7.0,2013.0,,,3.0,4.0,8.0,,,52.0,University of Toronto,100.0,Canada,58.0,University of Toronto,100.0,Canada
45,45,Simon Fraser University,Economics,Michael Gilraine,Assistant Professor,PhD,University of Toronto,2017.0,0.0,3.0,6.0,6.0,2023.0,,,9.0,3.0,,,working papers has year and date,52.0,University of Toronto,100.0,Canada,58.0,University of Toronto,100.0,Canada
46,46,Simon Fraser University,Economics,Lucas Herrenbrueck,Associate Professor,PhD,"University of California, Davis",2014.0,0.0,2.0,10.0,5.0,2022.0,,,,5.0,,,presentation organized per paper,10.0,University of California,95.0,United States,62.0,University of California-Davis,98.0,United States
47,47,Simon Fraser University,Economics,Alexander Karaivanov,Professor,PhD,University of Chicago,2003.0,0.0,3.0,24.0,4.0,2024.0,,,10.0,,6.0,,,13.0,University of Chicago,100.0,United States,6.0,University of Chicago,100.0,United States
48,48,Simon Fraser University,Economics,Kenneth Kasa,Professor,PhD,Berkeley,1981.0,,,,4.0,,,,,,,,,10.0,Berkeley,100.0,United States,8.0,University of California-Berkeley,90.0,United States
49,49,Simon Fraser University,Economics,Anke Kessler,"Professor, Department Chair",PhD,University of Bonn,1996.0,0.0,3.0,20.0,5.0,2017.0,,,,6.0,,,,6.0,University of London,89.0,United Kingdom,,,,
50,50,Simon Fraser University,Economics,Dongwoo Kim,Assistant Professor,PhD,University College London,2019.0,1.0,-1.0,6.0,4.0,2022.0,,,2.0,,,,,85.0,"University College London, University of London",90.0,United Kingdom,34.0,University College London (UCL),95.0,United Kingdom
51,51,Simon Fraser University,Economics,John Knowles,Professor,PhD,University of Rochester,1999.0,0.0,1.0,11.0,16.0,2022.0,,,5.0,,,,,79.0,University of Rochester,100.0,United States,248.0,University of Rochester,100.0,United States
52,52,Simon Fraser University,Economics,Brian Krauth,Associate Professor,PhD,University of Wisconsin,1999.0,0.0,4.0,20.0,4.0,2024.0,,,3.0,,,,,30.0,University of Wisconsin,100.0,United States,418.0,University of Wisconsin,100.0,United States
53,53,Simon Fraser University,Economics,Shih En Lu,Associate Professor,PhD,Harvard University,2011.0,0.0,4.0,6.0,3.0,2020.0,,,2.0,1.0,,,,7.0,Harvard University,100.0,United States,2.0,Harvard University,100.0,United States
54,54,Simon Fraser University,Economics,Christoph Luelfesmann,Professor,PhD,University of Bonn,1996.0,1.0,0.0,18.0,5.0,2018.0,,,,,,,,6.0,University of London,89.0,United Kingdom,,,,
55,55,Simon Fraser University,Economics,Steeve Mongrain,Professor,PhD,Queen's University,1998.0,0.0,1.0,25.0,4.0,2024.0,,,,6.0,,,,,,,,98.0,Queen's University,100.0,Canada
56,56,Simon Fraser University,Economics,Pierre Mouganie,Assistant Professor,PhD,"Texas A&M University, College Station (TAMU)",2015.0,0.0,3.0,8.0,4.0,2024.0,,,4.0,,,,,,,,,191.0,Texas A&M University,90.0,United States
57,57,Simon Fraser University,Economics,Gordon Myers,Professor,PhD,McMaster University,1990.0,2.0,0.0,26.0,5.0,2022.0,,,,2.0,2.0,,,,,,,231.0,McMaster University,100.0,Canada
58,58,Simon Fraser University,Economics,Krishna Pendakur,"Professor, Associate Chair",PhD,"University of California, Berkeley",1994.0,0.0,1.0,50.0,4.0,2023.0,,,5.0,,,,conference cities are interesting,10.0,University of California,95.0,United States,8.0,University of California-Berkeley,99.0,United States
59,59,Simon Fraser University,Economics,Luba Petersen,Associate Professor,PhD,"University of California, Santa Cruz",2012.0,0.0,2.0,13.0,5.0,2024.0,,,6.0,6.0,,,,10.0,University of California,90.0,United States,135.0,University of California-Santa Cruz (UCSC),95.0,United States
60,60,Simon Fraser University,Economics,Marie Rekkas,Associate Professor,PhD,University of Toronto,2002.0,0.0,3.0,19.0,5.0,2018.0,,,,,,,,52.0,University of Toronto,100.0,Canada,58.0,University of Toronto,100.0,Canada
61,61,Simon Fraser University,Economics,Arthur Robson,Professor,PhD,Massachusetts Institute of Technology,1974.0,0.0,2.0,78.0,4.0,2024.0,,,1.0,,,1.0,,8.0,Massachusetts Institute of Technology,100.0,United States,4.0,Massachusetts Institute of Technology (MIT),95.0,United States
62,62,Simon Fraser University,Economics,Martin Santamaria,Senior Lecturer,PhD,University of Chicago,,,,,,,,,,,,,,13.0,University of Chicago,100.0,United States,6.0,University of Chicago,100.0,United States
63,63,Simon Fraser University,Economics,Nicolas Schmitt,Professor,PhD,University of Toronto,,,,,,,,,,,,,,52.0,University of Toronto,100.0,Canada,58.0,University of Toronto,100.0,Canada
64,64,Simon Fraser University,Economics,Kevin Schnepel,Associate Professor,PhD,"University of California, Santa Barbara",2013.0,1.0,-4.0,11.0,5.0,2024.0,,,4.0,5.0,,,first4 pub 4 years before phd then 6 years gap ,10.0,University of California,90.0,United States,111.0,University of California-Santa Barbara (UCSB),95.0,United States
65,65,Simon Fraser University,Economics,Xiaoting Sun,Assistant Professor,PhD,"University of California, Los Angeles",2019.0,3.0,-5.0,4.0,4.0,2024.0,,,2.0,,,,same here,10.0,University of California,90.0,United States,47.0,University of California-Los Angeles (UCLA),95.0,United States
66,66,Simon Fraser University,Economics,Simon Woodcock,Associate Professor,PhD,Cornell University,2003.0,0.0,5.0,10.0,1.0,,,,4.0,5.0,3.0,,presentation organied per paper,91.0,Cornell University,100.0,United States,56.0,Cornell University,100.0,United States
67,67,University of British Columbia,Economics,Amartya Lahiri,Professor,PhD,Maryland at College Park,1995.0,0.0,1.0,36.0,5.0,2023.0,1.090909091,1.285714286,9.0,,4.0,,,,,,,,,,
68,68,University of British Columbia,Economics,Brian R Copeland,Professor,PhD,Stanford,1987.0,0.0,2.0,31.0,7.0,2022.0,0.738095238,0.885714286,0.0,,5.0,2.0,,9.0,Stanford University,90.0,United States,12.0,Stanford University,90.0,United States
69,69,University of British Columbia,Economics,Claudio Ferraz,Professor,PhD,Berkeley,2006.0,0.0,2.0,6.0,9.0,2023.0,0.230769231,0.352941176,7.0,9.0,,,,10.0,Berkeley,100.0,United States,8.0,University of California-Berkeley,90.0,United States
70,70,University of British Columbia,Economics,David Green,Professor,PhD,Stanford,1990.0,1.0,0.0,54.0,6.0,2023.0,1.384615385,1.636363636,4.0,,,4.0,,9.0,Stanford University,90.0,United States,12.0,Stanford University,90.0,United States
71,71,University of British Columbia,Economics,Erik Snowberg,Canada Excellence Research Chair,,,,,,,,,,#DIV/0!,,,,,,,,,,,,,
72,72,University of British Columbia,Economics,Felipe Valencia Caicedo,Assistant Professor,PhD,Universitat Pompeu Fabra,2015.0,0.0,7.0,4.0,4.0,2022.0,0.363636364,0.571428571,10.0,,,,,47.0,Universitat Pompeu Fabra,100.0,Spain,77.0,"Universitat Pompeu Fabra, Barcelona School of Economics (BSE)",90.0,Spain
73,73,University of British Columbia,Economics,Florian Hoffmann,Associate Professor,PhD,Toronto,2010.0,2.0,-1.0,8.0,,2021.0,,0.727272727,2.0,8.0,,,,52.0,University of Toronto,90.0,Canada,58.0,University of Toronto,90.0,Canada
74,74,University of British Columbia,Economics,Giovanni Gallipoli,Professor,PhD,University College London,2007.0,0.0,5.0,17.0,,2024.0,,1,12.0,,,,,85.0,"University College London, University of London",90.0,United Kingdom,34.0,University College London (UCL),95.0,United Kingdom
75,75,University of British Columbia,Economics,Gorkem Bostanci,Assistant Professor,PhD,Penn,2021.0,1.0,-1.0,2.0,6.0,2023.0,0.25,1,1.0,3.0,,,,26.0,University of Pennsylvania,90.0,United States,25.0,University of Pennsylvania,90.0,United States
76,76,University of British Columbia,Economics,Heather Sarsons,Associate Professor,PhD,Harvard,2018.0,1.0,-3.0,4.0,4.0,2022.0,0.5,1,3.0,,3.0,,,7.0,Harvard University,90.0,United States,2.0,Harvard University,90.0,United States
77,77,University of British Columbia,Economics,Henry Siu,Professor,PhD,Northwestern,2002.0,0.0,2.0,15.0,,2020.0,,0.833333333,,,6.0,,,22.0,Northwestern University,90.0,United States,39.0,Northwestern University,90.0,United States
78,78,University of British Columbia,Economics,Hiro Kasahara,Professor,PhD,Wisconsin,2002.0,0.0,6.0,22.0,,2024.0,,1,,7.0,,,,30.0,University of Wisconsin,90.0,United States,52.0,University of Wisconsin-Madison,90.0,United States
79,79,University of British Columbia,Economics,Jamie McCasland,Assistant Professor,PhD,Berkeley,2015.0,0.0,6.0,5.0,6.0,2023.0,0.357142857,0.625,4.0,5.0,,,,10.0,Berkeley,100.0,United States,8.0,University of California-Berkeley,90.0,United States
80,80,University of British Columbia,Economics,Jesse Perla,Associate Professor,PhD,New York University,2013.0,0.0,1.0,5.0,,2021.0,,0.625,5.0,4.0,,2.0,online textbooks,4.0,New York University,100.0,United States,18.0,New York University (NYU),95.0,United States
81,81,University of British Columbia,Economics,Katherine Wagner,Assistant Professor,PhD,Yale,2020.0,1.0,-4.0,5.0,5.0,2023.0,0.625,1.666666667,2.0,,,,,14.0,Yale University,90.0,United States,23.0,Yale University,90.0,United States
82,82,University of British Columbia,Economics,Kevin Milligan,"Professor | Director, Vancouver School of Economics",PhD,Toronto,2001.0,0.0,1.0,38.0,5.0,2021.0,1.52,1.9,11.0,,42.0,,,52.0,University of Toronto,90.0,Canada,58.0,University of Toronto,90.0,Canada
83,83,University of British Columbia,Economics,Kevin Song,Professor,PhD,Yale,2005.0,0.0,1.0,25.0,3.0,2022.0,1.25,1.470588235,6.0,,,,,14.0,Yale University,90.0,United States,23.0,Yale University,90.0,United States
84,84,University of British Columbia,Economics,Li Hao,Professor,PhD,Chicago,1995.0,0.0,3.0,20.0,7.0,2012.0,0.833333333,1.176470588,7.0,9.0,1.0,,,13.0,University of Chicago,90.0,United States,6.0,University of Chicago,90.0,United States
85,85,University of British Columbia,Economics,Marit Rehavi,Associate Professor,PhD,Berkeley,2008.0,1.0,-4.0,9.0,5.0,2021.0,0.5,0.692307692,,4.0,,,interesting paper,10.0,Berkeley,100.0,United States,8.0,University of California-Berkeley,90.0,United States
86,86,University of British Columbia,Economics,Matt Lowe,Assistant Professor,PhD,Massachusetts Institute of Technology,2018.0,1.0,0.0,3.0,6.0,2024.0,0.25,0.5,8.0,3.0,,,,8.0,Massachusetts Institute of Technology,100.0,United States,4.0,Massachusetts Institute of Technology (MIT),95.0,United States
87,87,University of British Columbia,Economics,Mauricio Drelichman,Professor | Director of Undergraduate Studies (Faculty and Academic),PhD,Northwestern,2003.0,0.0,2.0,12.0,5.0,2021.0,0.52173913,0.666666667,,4.0,1.0,1.0,,22.0,Northwestern University,90.0,United States,39.0,Northwestern University,90.0,United States
88,88,University of British Columbia,Economics,Michael Devereux,Professor (on leave),PhD,Queens University,1985.0,0.0,2.0,135.0,5.0,2024.0,3.068181818,3.461538462,2.0,3.0,,,,,,,,98.0,Queen's University,97.0,Canada
89,89,University of British Columbia,Economics,Michael Peters,Professor,PhD,Queens University,1980.0,0.0,1.0,38.0,3.0,2013.0,1.055555556,1.151515152,3.0,,2.0,,,,,,,98.0,Queen's University,97.0,Canada
90,90,University of British Columbia,Economics,Michal Szkup,Associate Professor,PhD,New York University,2014.0,0.0,1.0,7.0,6.0,2022.0,0.5,0.875,4.0,4.0,,,,4.0,New York University,100.0,United States,18.0,New York University (NYU),95.0,United States
91,91,University of British Columbia,Economics,Munir Squires,Assistant Professor,PhD,London School of Economics,2017.0,0.0,4.0,7.0,7.0,2024.0,0.5,1,,,,,,14.0,"London School of Economics and Political Science LSE, University of London",90.0,United Kingdom,3.0,London School of Economics (LSE),95.0,United Kingdom
92,92,University of British Columbia,Economics,Nathan Nunn,Professor,PhD,Toronto,2005.0,0.0,2.0,37.0,5.0,2024.0,1.541666667,1.947368421,8.0,,,1.0,,52.0,University of Toronto,90.0,Canada,58.0,University of Toronto,90.0,Canada
93,93,University of British Columbia,Economics,Nicole Fortin,Professor,PhD,University of British Columbia,1988.0,0.0,2.0,31.0,7.0,2023.0,0.738095238,0.885714286,11.0,,,,,67.0,University of British Columbia,100.0,Canada,49.0,University of British Columbia,100.0,Canada
94,94,University of British Columbia,Economics,Patrick Baylis,Assistant Professor,PhD,Berkeley,2016.0,0.0,1.0,10.0,,2022.0,,1.666666667,3.0,,,,,10.0,Berkeley,100.0,United States,8.0,University of California-Berkeley,90.0,United States
95,95,University of British Columbia,Economics,Patrick Francois,Professor (on leave),PhD,University of British Columbia,1995.0,5.0,-5.0,38.0,,2022.0,,1.407407407,5.0,,,1.0,,67.0,University of British Columbia,100.0,Canada,49.0,University of British Columbia,100.0,Canada
96,96,University of British Columbia,Economics,Paul Beaudry,Professor,PhD,Princeton,1989.0,0.0,2.0,66.0,5.0,2022.0,,2,8.0,,,,,3.0,Princeton University,90.0,United States,10.0,Princeton University,90.0,United States
97,97,University of British Columbia,Economics,Paul Schrimpf,Associate Professor,PhD,Massachusetts Institute of Technology,2011.0,1.0,-1.0,8.0,6.0,2021.0,,0.8,3.0,,,,,8.0,Massachusetts Institute of Technology,100.0,United States,4.0,Massachusetts Institute of Technology (MIT),95.0,United States
98,98,University of British Columbia,Economics,Philip Solimine,Postdoctoral Fellow,,,,,,,,,,,,,,,,,,,,,,,
99,99,University of British Columbia,Economics,Raffaele Saggio,Assistant Professor,PhD,Berkeley,2018.0,0.0,2.0,6.0,6.0,2023.0,,1.2,,,,,,10.0,Berkeley,100.0,United States,8.0,University of California-Berkeley,90.0,United States
100,100,University of British Columbia,Economics,Reka Juhasz,Assistant Professor,PhD,London School of Economics,2015.0,0.0,3.0,5.0,5.0,2024.0,,0.555555556,4.0,,,,best paper 2015; published 2018,14.0,"London School of Economics and Political Science LSE, University of London",90.0,United Kingdom,3.0,London School of Economics (LSE),95.0,United Kingdom
101,101,University of British Columbia,Economics,Sam Hwang,Assistant Professor,PhD,Chicago,2015.0,0.0,4.0,6.0,6.0,2023.0,,0.75,1.0,2.0,,,,13.0,University of Chicago,90.0,United States,6.0,University of Chicago,90.0,United States
102,102,University of British Columbia,Economics,Sam Norris,Assistant Professor,PhD,Northwestern,2018.0,3.0,-4.0,7.0,6.0,2024.0,,1.166666667,6.0,,,,,22.0,Northwestern University,90.0,United States,39.0,Northwestern University,90.0,United States
103,103,University of British Columbia,Economics,Sergei Severinov,Associate Professor,PhD,Stanford,1998.0,1.0,-1.0,12.0,5.0,2013.0,,0.8,3.0,6.0,,,,9.0,Stanford University,90.0,United States,12.0,Stanford University,90.0,United States
104,104,University of British Columbia,Economics,Siwan Anderson,Professor,PhD,University of British Columbia,1999.0,1.0,-1.0,21.0,,2023.0,,0.875,,,,,,67.0,University of British Columbia,100.0,Canada,49.0,University of British Columbia,100.0,Canada
105,105,University of British Columbia,Economics,Terry Moon,Assistant Professor,PhD,Princeton,2019.0,0.0,3.0,2.0,4.0,2024.0,,0.4,5.0,,,,,3.0,Princeton University,90.0,United States,10.0,Princeton University,90.0,United States
106,106,University of British Columbia,Economics,Thomas Lemieux,Professor,PhD,Princeton,1989.0,0.0,4.0,54.0,4.0,2023.0,,1.588235294,3.0,,6.0,,,3.0,Princeton University,90.0,United States,10.0,Princeton University,90.0,United States
107,107,University of British Columbia,Economics,Torsten Jaccard,Assistant Professor,PhD,Toronto,2022.0,1.0,-4.0,1.0,5.0,2024.0,,0.5,3.0,,,,,52.0,University of Toronto,90.0,Canada,58.0,University of Toronto,90.0,Canada
108,108,University of British Columbia,Economics,Vadim Marmer,Professor | Graduate Program Director,PhD,Yale,2005.0,0.0,1.0,18.0,3.0,2023.0,,1,,,4.0,,,14.0,Yale University,90.0,United States,23.0,Yale University,90.0,United States
109,109,University of British Columbia,Economics,Victor Couture,Associate Professor,PhD,Toronto,2013.0,0.0,2.0,8.0,6.0,2023.0,,0.8,3.0,5.0,,,,52.0,University of Toronto,90.0,Canada,58.0,University of Toronto,90.0,Canada
110,110,University of British Columbia,Economics,Viktoriya Hnatkovska,Associate Professor,PhD,Georgetown,2006.0,0.0,1.0,15.0,4.0,2020.0,,1.071428571,7.0,1.0,,,,,,,,105.0,Georgetown University,90.0,United States
111,111,University of British Columbia,Economics,Vitor Farinha Luz,Associate Professor,PhD,Yale,2014.0,1.0,-1.0,7.0,2.0,2023.0,,0.777777778,,5.0,,,,14.0,Yale University,90.0,United States,23.0,Yale University,90.0,United States
112,112,University of British Columbia,Economics,Wei Li,Associate Professor,PhD,Massachusetts Institute of Technology,2003.0,0.0,4.0,9.0,5.0,2021.0,,0.5,2.0,,,,,8.0,Massachusetts Institute of Technology,100.0,United States,4.0,Massachusetts Institute of Technology (MIT),95.0,United States
113,113,University of British Columbia,Economics,Clive Chapple,Associate Professor of Teaching,PhD,University of British Columbia,1998.0,,,,,,,,,,,,,67.0,University of British Columbia,100.0,Canada,49.0,University of British Columbia,100.0,Canada
114,114,University of British Columbia,Economics,Jonathan Graves,Assistant Professor of Teaching | Director of Undergraduate Studies (Curriculum and Students),PhD,University of British Columbia,,,,,,,,,,,,,,67.0,University of British Columbia,100.0,Canada,49.0,University of British Columbia,100.0,Canada
115,115,University of British Columbia,Economics,Marina Adshade,Assistant Professor of Teaching,PhD,Queens University,,,,2.0,,,,,,,,,,,,,,98.0,Queen's University,97.0,Canada
116,116,University de Montreal,Economics,Davide ALONZO,Assistant Professor,PhD,University of British Columbia,2021.0,0.0,,0.0,6.0,2023.0,0.0,0,2.0,2.0,,,10 presentations for current research,67.0,University of British Columbia,100.0,Canada,49.0,University of British Columbia,100.0,Canada
117,117,University de Montreal,Economics,William ARBOUR,Assistant Professor,PhD,Toronto,2023.0,0.0,1.0,1.0,5.0,2024.0,0.166666667,,4.0,3.0,,,,52.0,University of Toronto,90.0,Canada,58.0,University of Toronto,90.0,Canada
118,118,University de Montreal,Economics,Joao Alfredo GALINDO DA FONSECA,Assistant Professor,PhD,University of British Columbia,2018.0,0.0,2.0,4.0,6.0,2023.0,0.363636364,0.8,3.0,1.0,,,,67.0,University of British Columbia,100.0,Canada,49.0,University of British Columbia,100.0,Canada
119,119,University de Montreal,Economics,Max Antoine LESELLIER,Assistant Professor,PhD,Toulouse,2023.0,0.0,,0.0,5.0,2024.0,0.0,0,4.0,3.0,,,,29.0,UniversitÃ© des Sciences Sociales Toulouse I,90.0,France,16.0,Toulouse School of Economics (TSE),90.0,France
120,120,University de Montreal,Economics,Mathieu MARCOUX,Assistant Professor,PhD,Toronto,2017.0,0.0,4.0,5.0,6.0,2024.0,0.384615385,0.714285714,,2.0,,,,52.0,University of Toronto,90.0,Canada,58.0,University of Toronto,90.0,Canada
121,121,University de Montreal,Economics,Hyejin PARK,Assistant Professor,PhD,Chicago,2022.0,0.0,,0.0,4.0,2024.0,0.0,0,3.0,2.0,,,start presentation participation in PhD,13.0,University of Chicago,90.0,United States,6.0,University of Chicago,90.0,United States
122,122,University de Montreal,Economics,Laëtitia RENÉE,Assistant Professor,PhD,McGill,2022.0,1.0,0.0,2.0,8.0,2024.0,0.2,1,3.0,,,,,,,,,160.0,McGill University,90.0,Canada
123,123,University de Montreal,Economics,Guillaume SUBLET,Assistant Professor,PhD,Minnesota,2018.0,1.0,0.0,3.0,6.0,2023.0,0.272727273,0.6,,2.0,,,,28.0,University of Minnesota,90.0,United States,107.0,University of Minnesota,90.0,United States
124,124,University de Montreal,Economics,Massimiliano AMARANTE,Associate Professor,PhD,Massachusetts Institute of Technology,1999.0,0.0,4.0,21.0,6.0,2020.0,0.777777778,1,5.0,4.0,,,,8.0,Massachusetts Institute of Technology,100.0,United States,4.0,Massachusetts Institute of Technology (MIT),95.0,United States
125,125,University de Montreal,Economics,Andriana BELLOU,Associate Professor,PhD,Rochester,2009.0,0.0,3.0,8.0,4.0,2024.0,0.421052632,0.533333333,3.0,5.0,,,,79.0,University of Rochester,90.0,United States,248.0,University of Rochester,90.0,United States
126,126,University de Montreal,Economics,Deniz DIZDAR,Associate Professor,PhD,Bonn,2013.0,1.0,-2.0,6.0,6.0,2022.0,0.4,0.666666667,2.0,1.0,,,,,,,,,,,
127,127,University de Montreal,Economics,Raphaël GODEFROY,Associate Professor,PhD,Stanford,2009.0,1.0,-5.0,10.0,6.0,2024.0,0.476190476,0.666666667,3.0,,,,,9.0,Stanford University,90.0,United States,12.0,Stanford University,90.0,United States
128,128,University de Montreal,Economics,Sean HORAN,Associate Professor,PhD,Boston,2012.0,0.0,3.0,9.0,8.0,2024.0,0.45,0.75,,6.0,,,,24.0,Boston College,90.0,United States,28.0,Boston University,90.0,United States
129,129,University de Montreal,Economics,Nicolas KLEIN,Associate Professor,PhD,Munich,2010.0,0.0,1.0,13.0,3.0,2024.0,0.764705882,0.928571429,3.0,,,,,92.0,Munich,100.0,Germany,,,,
130,130,University de Montreal,Economics,Joshua LEWIS,Associate Professor,PhD,Toronto,2013.0,0.0,5.0,13.0,7.0,2024.0,0.722222222,1.181818182,3.0,,,,,52.0,University of Toronto,90.0,Canada,58.0,University of Toronto,90.0,Canada
131,131,University de Montreal,Economics,William J. McCAUSLAND,Associate Professor,PhD,Minnesota,2002.0,0.0,5.0,12.0,6.0,2024.0,0.428571429,0.545454545,,,,,,28.0,University of Minnesota,90.0,United States,107.0,University of Minnesota,90.0,United States
132,132,University de Montreal,Economics,Walter BOSSERT,Full Professor,PhD,Karlsruhe,1988.0,2.0,-2.0,163.0,1.0,2024.0,4.405405405,4.527777778,,3.0,,4.0,,,,,,,,,
133,133,University de Montreal,Economics,Emanuela CARDIA,Full Professor,PhD,Berkeley,,,,19.0,,,,,,,,,,10.0,Berkeley,100.0,United States,8.0,University of California-Berkeley,90.0,United States
134,134,University de Montreal,Economics,Marine CARRASCO,Full Professor,PhD,Toulouse,1995.0,0.0,5.0,36.0,3.0,2024.0,1.125,1.24137931,2.0,6.0,,,,29.0,UniversitÃ© des Sciences Sociales Toulouse I,90.0,France,16.0,Toulouse School of Economics (TSE),90.0,France
135,135,University de Montreal,Economics,Lars EHLERS,Full Professor,PhD,Maastricht,2001.0,5.0,-1.0,50.0,4.0,2024.0,1.851851852,2.173913043,,,,,,,,,,146.0,Maastricht University,90.0,Netherlands
136,136,University de Montreal,Economics,Abraham J. HOLLANDER,Full Professor,,,,,,,,,,,,,,,,,,,,,,,
137,137,University de Montreal,Economics,Benoit PERRON,Full Professor,PhD,Yale,1998.0,0.0,5.0,22.0,5.0,2023.0,0.733333333,0.88,,2.0,6.0,,,14.0,Yale University,90.0,United States,23.0,Yale University,90.0,United States
138,138,University de Montreal,Economics,Michel POITEVIN,Full Professor,PhD,University of British Columbia,1987.0,0.0,2.0,27.0,5.0,2023.0,0.710526316,0.75,,,,,,67.0,University of British Columbia,100.0,Canada,49.0,University of British Columbia,100.0,Canada
139,139,University of Windsor,Economics,Sang-Chul Suh,"Professor, Department Head",,,,,,,,,,,,,,,,,,,,,,,
140,140,University of Windsor,Economics,Marcelo Aarestrup Arbex,Professor,PhD,Illinois at Urbana-Champaign,2007.0,0.0,2.0,22.0,10.0,2024.0,,,4.0,2.0,5.0,,,105.0,Illinois at Urbana-Champaign,100.0,United States,184.0,University of Illinois at Urbana-Champaign,90.0,United States
141,141,University of Windsor,Economics,Steven Chen,Assistant Professor,PhD,George Washington,2022.0,0.0,,0.0,4.0,2022.0,,,1.0,1.0,,,,,,,,156.0,George Washington University,90.0,United States
142,142,University of Windsor,Economics,Tarek Jouini,Associate Professor,,,,,,,,,,,,,,,,,,,,,,,
143,143,University of Windsor,Economics,Dingding Li,"Associate Professor, Director, MA Programs",,,,,,,,,,,,,,,,,,,,,,,
144,144,University of Windsor,Economics,Jay Rhee,"Professor, Undergraduate Advisor",,,,,,,,,,,,,,,,,,,,,,,
145,145,University of Windsor,Economics,Nurlan Turdaliev,"Professor, Director, MAEP Program",PhD,Minnesota,2001.0,0.0,3.0,18.0,6.0,2020.0,,,1.0,3.0,5.0,,,28.0,University of Minnesota,90.0,United States,107.0,University of Minnesota,90.0,United States
146,146,University of Windsor,Economics,Christian Trudeau,Professor,PhD,Universite de Montreal,2009.0,2.0,0.0,25.0,6.0,2023.0,,,2.0,8.0,,,,,,,,347.0,Universite de Montreal,100.0,Canada
147,147,University of Windsor,Economics,Yuntong Wang,Professor,,,,,,,,,,,,,,,,,,,,,,,
148,148,University of Windsor,Economics,Yahong Zhang,Assistant Professor,PhD,University of Western Ontario,2007.0,0.0,4.0,11.0,13.0,2023.0,,,2.0,4.0,,,,89.0,University of Western Ontario,100.0,Canada,99.0,University of Western Ontario,100.0,Canada
149,149,University of Calgary,Economics,Robert Oxoby,Professor,PhD,University of California at Davis,2000.0,,,,,,,,,,,,,10.0,University of California,95.0,United States,62.0,University of California-Davis,95.0,United States
150,150,University of Calgary,Economics,Eugene Beaulieu,Professor,PhD,,,,,,,,,,,,,,,,,,,,,,
151,151,University of Calgary,Economics,Jeffrey Robert Church,Professor,PhD,"University of California, Berkeley",1989.0,0.0,3.0,13.0,3.0,2023.0,,,,,,,,10.0,University of California,95.0,United States,8.0,University of California-Berkeley,99.0,United States
152,152,University of Calgary,Economics,Aidan Hollis,Professor,PhD,University of Toronto ,1996.0,0.0,2.0,76.0,6.0,,,,,,,,,52.0,University of Toronto,100.0,Canada,58.0,University of Toronto,100.0,Canada
153,153,University of Calgary,Economics,Ronald D. Kneebone,Professor,PhD,McMaster University,1988.0,,,,,,,,,,,,,,,,,231.0,McMaster University,100.0,Canada
154,154,University of Calgary,Economics,Mingshan Lu,Professor,PhD,Boston University,1997.0,0.0,2.0,49.0,,2023.0,,,,,,,,27.0,Boston University,100.0,United States,28.0,Boston University,100.0,United States
155,155,University of Calgary,Economics,Arvind Magesan,Professor,PhD,University of Toronto ,2011.0,1.0,-1.0,9.0,,2022.0,,,,,,,,52.0,University of Toronto,100.0,Canada,58.0,University of Toronto,100.0,Canada
156,156,University of Calgary,Economics,Kenneth James McKenzie,Professor,PhD,Queen’s University,1990.0,,,,,2022.0,,,,,,,,,,,,98.0,Queen's University,100.0,Canada
157,157,University of Calgary,Economics,Apostolos Serletis,Professor,PhD,McMaster University,1984.0,0.0,18.0,11.0,,,,,,,,,,,,,,231.0,McMaster University,100.0,Canada
158,158,University of Calgary,Economics,M. Scott Taylor,Professor,PhD,Queen’s University,1991.0,0.0,1.0,33.0,,,,,,,,,,,,,,98.0,Queen's University,100.0,Canada
159,159,University of Calgary,Economics,Trevor Tombe,Professor,PhD,University of Toronto ,2011.0,1.0,0.0,16.0,5.0,,,,,,,,,52.0,University of Toronto,100.0,Canada,58.0,University of Toronto,100.0,Canada
160,160,University of Calgary,Economics,Benjamin Crost,Associate Professor,PhD,University of California,2011.0,3.0,-4.0,17.0,,2024.0,,,,,,,,10.0,University of California,100.0,United States,8.0,University of California-Berkeley,95.0,United States
161,161,University of Calgary,Economics,Jean-William Laliberté,Associate Professor,PhD,University of Toronto,2018.0,1.0,0.0,10.0,6.0,2024.0,,,,,,,,52.0,University of Toronto,100.0,Canada,58.0,University of Toronto,100.0,Canada
162,162,University of Calgary,Economics,Lucija Muehlenbachs,Associate Professor,PhD,University of Maryland,2009.0,1.0,-3.0,16.0,5.0,,,,,,,,,55.0,University of Maryland,100.0,United States,72.0,University of Maryland,100.0,United States
163,163,University of Calgary,Economics,Erica Myers,Associate Professor,PhD,University of California,2014.0,6.0,-4.0,15.0,,,,,,,,,,10.0,University of California,100.0,United States,8.0,University of California-Berkeley,95.0,United States
164,164,University of Calgary,Economics,Blake Shaffer,Associate Professor,PhD,University of Calgary,2018.0,,,4.0,4.0,,,,,,,,,,,,,246.0,University of Calgary,100.0,Canada
165,165,University of Calgary,Economics,Stefan Staubli,Associate Professor,PhD,University of St. Gallen,2009.0,0.0,2.0,13.0,4.0,2023.0,,,,,,,,,,,,227.0,UniversitÃÂ¤t St. Gallen,89.0,Switzerland
166,166,University of Calgary,Economics,Lindsay Tedds,Associate Professor,PhD,McMaster University.,2006.0,3.0,-8.0,19.0,,2023.0,,,,,,,,,,,,231.0,McMaster University,100.0,Canada
167,167,University of Calgary,Economics,Kunio Tsuyuhara,Associate Professor,PhD,University of Toronto,2011.0,,,,,,,,,,,,,52.0,University of Toronto,100.0,Canada,58.0,University of Toronto,100.0,Canada
168,168,University of Calgary,Economics,Alexander Whalley,Associate Professor,PhD,University of Maryland,2006.0,0.0,5.0,9.0,5.0,,,,,,,,,55.0,University of Maryland,100.0,United States,72.0,University of Maryland,100.0,United States
169,169,University of Calgary,Economics,Jennifer Winter,Associate Professor,PhD,University of Calgary,2011.0,0.0,4.0,9.0,,2024.0,,,,,,,,,,,,246.0,University of Calgary,100.0,Canada
170,170,University of Calgary,Economics,Yu (Sonja) Chen,Assistant Professor,PhD,University of Waterloo,2017.0,,,,,,,,,,,,,,,,,,,,
171,171,University of Calgary,Economics,Kent Fellows,Assistant Professor,,,,,,,,,,,,,,,,,,,,,,,
172,172,University of Calgary,Economics,Leonard Goff,Assistant Professor,PhD,Columbia University,2021.0,7.0,-13.0,8.0,,2023.0,,,,,,,,11.0,Columbia University,100.0,United States,30.0,Columbia University,100.0,United States
173,173,University of Calgary,Economics,Terri Kneeland,Assistant Professor,,,,,,,,,,,,,,,,,,,,,,,
174,174,University of Calgary,Economics,Atsuko Tanaka,Assistant Professor,PhD,University of Wisconsin-Madison,2013.0,0.0,7.0,5.0,,,,,,,,,,30.0,University of Wisconsin,95.0,United States,52.0,University of Wisconsin-Madison,100.0,United States
175,175,Concordia University,Economics,Anca Alecsandru,,,,,,,,,,,,,,,,,,,,,,,,
176,176,Concordia University,Economics,Christian Belzil,,,,,,,,,,,,,,,,,,,,,,,,
177,177,Concordia University,Economics,Jan Victor Dee,Assistant Professor,PhD,University of Toronto,2020.0,9.0,-4.0,9.0,,,,,,,,,,52.0,University of Toronto,100.0,Canada,58.0,University of Toronto,100.0,Canada
178,178,Concordia University,Economics,Effrosyni Diamantoudi,Professor,PhD,McGill University,,,,,,2024.0,,,,,,,,,,,,160.0,McGill University,100.0,Canada
179,179,Concordia University,Economics,Prosper Dovonon,Associate Professor,PhD,Universit ́e de Montr ́eal,2007.0,0.0,5.0,14.0,,,,,,,,,,,,,,347.0,Universite de Montreal,92.0,Canada
180,180,Concordia University,Economics,Paul Gomme,Professor,PhD,University Of Western Ontario,1991.0,0.0,2.0,35.0,,2021.0,,,,,,,,89.0,University of Western Ontario,100.0,Canada,99.0,University of Western Ontario,100.0,Canada
181,181,Concordia University,Economics,Jorgen Hansen,Professor,PhD,University of Gothenburg,1997.0,0.0,2.0,20.0,,2021.0,,,,,,,,,,,,,,,
182,182,Concordia University,Economics,Ian Irvine,Professor,PhD,University of Western Ontario,1978.0,2.0,0.0,36.0,,2013.0,,,,,,,,89.0,University of Western Ontario,100.0,Canada,99.0,University of Western Ontario,100.0,Canada
183,183,Concordia University,Economics,Heejeong Kim,Assistant Professor,PhD,The Ohio State University,2017.0,0.0,5.0,2.0,,2024.0,,,,,,,,96.0,Ohio State University,95.0,United States,126.0,Ohio State University,95.0,United States
184,184,Concordia University,Economics,Tatyana Koreshkova,Professor,PhD,University of Western Ontario,2002.0,0.0,4.0,6.0,,,,,,,,,,89.0,University of Western Ontario,100.0,Canada,99.0,University of Western Ontario,100.0,Canada
185,185,Concordia University,Economics,Moshe Lander,Senior Lecturer,PhD,,,,,,,,,,,,,,,,,,,,,,
186,186,Concordia University,Economics,Carol Chui Ha Lau,Senior Lecturer,PhD,University of Calgary,,,,,,,,,,,,,,,,,,246.0,University of Calgary,100.0,Canada
187,187,Concordia University,Economics,Greg LeBlanc,Associate Professor,PhD ,Queen's University,,,,,,,,,,,,,,,,,,98.0,Queen's University,100.0,Canada
188,188,Concordia University,Economics,Ming Li,Professor,PhD,University of Wisconsin-Madison,2004.0,0.0,4.0,13.0,,2024.0,,,,,,,,30.0,University of Wisconsin,95.0,United States,52.0,University of Wisconsin-Madison,100.0,United States
189,189,Concordia University,Economics,Damba Lkhagvasuren,Associate Professor,PhD,University of Rochester,2007.0,0.0,3.0,11.0,,2023.0,,,,,,,,79.0,University of Rochester,100.0,United States,248.0,University of Rochester,100.0,United States
190,190,Concordia University,Economics,Dipjyoti Majumdar,Associate Professor,PhD,Indian Statistical Institute,,,,,,,,,,,,,,,,,,,,,
191,191,Concordia University,Economics,Panos Margaris,Assistant Professor,PhD,University of Manchester,2018.0,,,,5.0,,,,,,,,,79.0,University of Rochester,89.0,United States,439.0,University of Manchester,100.0,Unknown
192,192,Concordia University,Economics,James McIntosh,Professor,PhD,London School of Economics,1964.0,0.0,8.0,35.0,,,,,,,,,,14.0,"London School of Economics and Political Science LSE, University of London",90.0,United Kingdom,3.0,London School of Economics (LSE),95.0,United Kingdom
193,193,Concordia University,Economics,Anthony Noce,Coordinator,PhD,,,,,16.0,,,,,,,,,,,,,,,,,
194,194,Concordia University,Economics,Dan Otchere,Associate Professor,PhD,McGill University,,,,,,,,,,,,,,,,,,160.0,McGill University,100.0,Canada
195,195,Concordia University,Economics,Szilvia Pápai,Associate Professor,PhD,CalTech,1995.0,0.0,12.0,2.0,4.0,,,,,,,,,88.0,CalTech,100.0,United States,,,,
196,196,Concordia University,Economics,Asefeh Salarinezhad,Assistant Professor,,,,,,,,,,,,,,,,,,,,,,,
197,197,Concordia University,Economics,Christian Sigouin,Associate Professor,PhD,University of British Columbia,,,,,,,,,,,,,,67.0,University of British Columbia,100.0,Canada,49.0,University of British Columbia,100.0,Canada
198,198,Concordia University,Economics,Ivan Tchinkov,Senior Lecturer,,Simon Fraser University,2011.0,,,,,,,,,,,,,,,,,206.0,Simon Fraser University,100.0,Canada
199,199,Concordia University,Economics,Gabrielle Vasey,Assistant Professor,PhD,"University of Pennsylvania, Economics",2021.0,1.0,-6.0,1.0,2.0,,,,,,,,,26.0,University of Pennsylvania,95.0,United States,25.0,University of Pennsylvania,95.0,United States
200,200,Concordia University,Economics,Axel Watanabe,Assistant Professor,PhD,Washington University in St. Louis,2015.0,1.0,0.0,4.0,,,,,,,,,,65.0,Washington University,90.0,United States,122.0,Washington University in St. Louis,100.0,United States
201,201,Concordia University,Economics,Huan Xie,Associate Professor,PhD,University of Pittsburgh,2008.0,0.0,4.0,11.0,,2024.0,,,,,,,,,,,,166.0,University of Pittsburgh,100.0,United States
202,202,Concordia University,Economics,Jipeng Zhang,,,,,,,,,,,,,,,,,,,,,,,,
